"City","State","Zip","Country","County","FIPS","x","y"
"Lexington","KY","40514","US","Fayette","","-84.5634293040","37.9826873470"
"Georgetown","KY","40324","US","Scott","","-84.5532418030","38.2467290910"
"fayetteville","NC","28304","US","Cumberland","","-78.9898445900","35.0259908430"
"Fort Wayne","IN","46825","US","Allen","","-85.1253443750","41.1530311900"
"Middletown","RI","02842","US","Newport","","-71.2770714590","41.5173611570"
"Versailles","KY","40383","US","Woodford","","-84.7398785760","38.0126588400"
"Milwaukee","WI","53202","US","Milwaukee","","-87.8974662650","43.0448975650"
"Lexington","KY","40502","US","Fayette","","-84.4820609260","38.0138599450"
"Lexington","KY","40508","US","Fayette","","-84.5011406050","38.0499445620"
"Lexington","KY","40508","US","Fayette","","-84.55294501651426","38.08113159791409"
"Richmond","KY","40475","US","Madison","","-84.3136912960","37.7665775750"
"Lexington","KY","40515","US","Fayette","","-84.4097624210","37.9203313820"
"Versailles","KY","40383","US","Woodford","","-84.71430723559597","37.96243275020151"
"Georgetown","KY","40324","US","Scott","","-84.64157943208082","38.299240321220765"
"Surprise","AZ","85388","US","Maricopa","","-112.4338490600","33.6078997620"
"Rochester","NY","14615","US","Monroe","","-77.6559833500","43.2034068990"
"Littleton","CO","80123","US","Jefferson","","-105.0688676300","39.6158464180"
"Brisbane","QLD","4103","AU","","AS04","144.55020484","-22.571634982"
"Pittsburgh","PA","15217","US","Allegheny","","-79.9205577350","40.4307260870"
"Lexington","KY","40503","US","Fayette","","-84.5342295970","38.0046835600"
"Somers Point","NJ","08244","US","Atlantic","","-74.5879650100","39.3182115960"
"Nevada city","CA","95959","US","","","-120.9205860500","39.3385371990"
"Lexington","KY","40503","US","Fayette","","-84.43607312588956","38.069247433538436"
"Lakewood","CO","80227","US","Jefferson","","-105.0895959600","39.6671068090"
"Minneapolis","MN","55415","US","Hennepin","","-93.2576541290","44.9747806850"
"Graford","TX","76449","US","Palo Pinto","","-98.3227924230","32.9156481450"
"Lexington","KY","40502","US","Fayette","","-84.5645348769749","38.084888191478406"
"Philadelphia","PA","19130","US","Philadelphia","","-75.1754682920","39.9677894790"
"Oak Hill","VA","20171","US","Fairfax","","-77.3981470100","38.9236038390"
"Lexington","KY","40504","US","Fayette","","-84.5415441300","38.0417293420"
"Lexington","KY","40502","US","Fayette","","-84.51366371719594","38.00734404659958"
"Lexington","VA","24450","US","Lexington City","","-79.5238494700","37.7857887900"
"Fort Collins","CO","80525","US","Larimer","","-105.0370685700","40.5292002700"
"PHILADELPHIA","PA","19122","US","Philadelphia","","-75.1458245450","39.9777751900"
"Woodland Hills","CA","91364","US","Los Angeles","","-118.5950987600","34.1547655270"
"Karachi","","123456","PK","Schenectady","PK05","68.768075748","26.027349857"
"Brooklyn","NY","11230","US","","","-73.9652412990","40.6220375700"
"LEXINGTON","KY","40509","US","Fayette","","-84.3761996790","37.9978421900"
"Chicago","IL","60622","US","Cook","","-87.6832494710","41.9026922080"
"Topeka","KS","66614","US","Shawnee","","-95.8494795380","39.0115073530"
"Denver","CO","80212","US","Denver","","-105.0482988300","39.7716406260"
"AUSTIN","TX","78723","US","Travis","","-97.6856982700","30.3042679660"
"Abu Dhabi","","na","AE","","AE01","54.005390301","23.649480915"
"Lexington","KY","40503","US","Fayette","","-84.54204816034775","38.091026301017294"
"Silver Spring","MD","20910","US","Montgomery","","-77.0363208970","39.0021776600"
"Brookline","MA","02445","US","Norfolk","","-71.1339549820","42.3259738180"
"Arlington","VA","22201","US","Arlington","","-77.0951958550","38.8866114290"
"Lexington","KY","40514","US","Fayette","","-84.65566474061406","38.07462015824833"
"Camarillo","CA","93012","US","Ventura","","-118.9979471200","34.2032794620"
"Selma","CA","93662","US","Fresno","","-119.6419682800","36.5392670460"
"Lexington","KY","40503","US","Fayette","","-84.55221095412878","37.9471348003744"
"Gadsden","AL","35901","US","Etowah","","-85.9245988080","34.0479847460"
"Brick","NJ","08724","US","Ocean","","-74.1145730010","40.0898762210"
"Lexington","KY","40515","US","Fayette","","-84.45127957964266","37.95109476611448"
"Versailles","KY","40383","US","Woodford","","-84.81180310323407","37.9215071663821"
"Cohoes","NY","12047","US","Albany","","-73.7265168680","42.7840051380"
"Athens","GA","30605","US","Clarke","","-83.3232752860","33.9065630970"
"Seattle","WA","98122","US","King","","-122.2918015800","47.6115220260"
"Eden Prairie","MN","55347","US","Hennepin","","-93.4663226080","44.8293158420"
"Hixson","TN","37343","US","Hamilton","","-85.2091295490","35.1688646570"
"Centennial","CO","80122","US","Arapahoe","","-104.9559083200","39.5806178470"
"St catharines","ON","L2N4C3","CA","","CA08","-86.072190353","50.445262965"
"Riverview","FL","33569","US","Hillsborough","","-82.2871732700","27.8451448960"
"Rock Springs","WY","82901","US","Sweetwater","","-109.0024293400","41.3648836890"
"Madisonville","KY","42431","US","Hopkins","","-87.4783044550","37.3292000600"
"Moncks Corner","SC","29461","US","Berkeley","","-80.0000924280","33.1587026230"
"Madison","AL","35758","US","Madison","","-86.7466819210","34.7134904550"
"Hayes","VA","23072","US","Gloucester","","-76.4818285530","37.2964102850"
"Hyde Park","NY","12538","US","Dutchess","","-73.8931027230","41.7924762940"
"Brooklyn","NY","11238","US","Kings","","-73.9638408140","40.6791294130"
"Frankfort","KY","40601","US","Franklin","","-84.8808610510","38.2339826320"
"Lexington","KY","40504","US","Fayette","","-84.591451142325","38.137429615806504"
"Hamilton","NY","13346","US","Madison","","-75.5438641520","42.8180088050"
"Loveland","OH","45140","US","Clermont","","-84.2416926520","39.2576212830"
"Lexington","KY","40502","US","Fayette","","-84.41244915903006","37.99389636370993"
"Lansing","NY","14882","US","Tompkins","","-76.5549561440","42.5801558510"
"Winona","MN","55987","US","Winona","","-91.6346780740","43.9851946270"
"Elk Grove","CA","95758","US","Sacramento","","-121.4434346200","38.4278773810"
"Lexington","KY","40504","US","Fayette","","-84.45102689078509","38.02313551709962"
"Louisville","KY","40206","US","Jefferson","","-85.7051497720","38.2604818010"
"Lexington","KY","40503","US","Fayette","","-84.47327476816749","38.0879122918788"
"Park Hills","KY","41011","US","Kenton","","-84.5295400090","39.0679534600"
"Columbia","SC","29205","US","Richland","","-80.9972931050","33.9900873800"
"Lexington","KY","40502","US","Fayette","","-84.49270945538393","37.94056273907312"
"Frankfort","KY","40601","US","Franklin","","-84.94778188547437","38.166608179573664"
"Lexington","KY","40504","US","Fayette","","-84.60625787716839","37.96911124777374"
"Fort Myers","FL","33919","US","Lee","","-81.9033564750","26.5567078150"
"Warm Springs","VA","24484","US","Bath","","-79.8206713430","38.1437616860"
"Richmond","CA","94804","US","Contra Costa","","-122.3415461400","37.9208803140"
"Dutch Harbor","AK","99692","US","Aleutians West","","-166.5386420200","53.8855321070"
"Slidell","LA","70458","US","Saint Tammany","","-89.7944049700","30.2586634560"
"Willemstad, Curaçao","","5999","AN","","??","0","0"
"Lexington","KY","40513","US","Fayette","","-84.6064140640","38.0159428010"
"Lexington","KY","40505","US","Fayette","","-84.4569201880","38.0599468430"
"Baton Rouge","LA","70808","US","East Baton Rouge","","-91.1425446990","30.4056560590"
"Lexington","KY","40503","US","Fayette","","-84.52199750251239","38.035644791337624"
"Richmond","KY","40475","US","Madison","","-84.27561648930677","37.8504843300415"
"Brooklyn","NY","11215","US","Kings","","-73.9867818210","40.6626002820"
"Orangebury","NY","10962","US","Rockland","","-73.9591268580","41.0490631280"
"Versailles","KY","40383","US","Woodford","","-84.6906182814858","37.951453412478116"
"Lexington","KY","40515","US","Fayette","","-84.31771725684479","38.00605157543249"
"Champaign","IL","61821","US","Champaign","","-88.2750223950","40.1096293010"
"Lexington","KY","40517","US","Fayette","","-84.4883303130","37.9838554620"
"Louisville","KY","40204","US","Jefferson","","-85.7208367010","38.2391800340"
"Aurora","IL","60502","US","DuPage","","-88.2590905420","41.7921095290"
"Versailles","KY","40383","US","Woodford","","-84.78158214643793","37.91316082193788"
"Indianapolis","IN","46237","US","Marion","","-86.0756969510","39.6729311200"
"Austin","TX","78746","US","Travis","","-97.8105295650","30.2972830840"
"Georgetown","KY","40324","US","Scott","","-84.47223412037812","38.223698816725715"
"Lexington","KY","40517","US","Fayette","","-84.57113769855295","37.896169154745785"
"Robinson","IL","62454","US","Crawford","","-87.7580016990","38.9986589880"
"San Pedro","CA","90732","US","Los Angeles","","-118.3101205200","33.7450685960"
"Lexington","KY","40508","US","Fayette","","-84.432507898131","38.054677887820695"
"Atlanta","GA","30324","US","Fulton","","-84.3570766440","33.8196152280"
"Springfield","IL","62704","US","Sangamon","","-89.6851466920","39.7739971560"
"West Hartford","CT","06119","US","Hartford","","-72.7272081990","41.7633983290"
"johnson city","TN","37601","US","Washington","","-82.3214504550","36.3302836110"
"League City","TX","77573","US","Galveston","","-95.0864687500","29.5020807530"
"Round Lake Park","IL","60073","US","Lake","","-88.1098310410","42.3481288130"
"Miami","FL","33180","US","Miami-Dade","","-80.1420388960","25.9607174420"
"Charles Town","WV","25414","US","Jefferson","","-77.8689548090","39.2510657190"
"Yuma","AZ","85365","US","Yuma","","-114.1504225600","33.0787288410"
"Lexington","WA","40507","US","Fayette","","-84.4964047080","38.0469883680"
"Lexington","KY","40504","US","Fayette","","-84.54514232896264","38.13291851998901"
"Nicholasville","KY","40356","US","Jessamine","","-84.5644684070","37.8730081700"
"Lexington","KY","40502","US","Fayette","","-84.42598265183652","37.92230172568698"
"Collingswood","NJ","08108","US","Camden","","-75.0617959630","39.9143119460"
"Lexington","KY","40502","US","Fayette","","-84.52939542028584","38.07914507376369"
"Lexington","KY","40502","US","Fayette","","-84.56785410441674","37.98416354381113"
"Pittsburgh","PA","15215","US","Allegheny","","-79.9138052450","40.5048068150"
"Lexington","KY","40503","US","Fayette","","-84.61541699323335","38.04238313899502"
"Lexington","KY","40515","US","Fayette","","-84.44765923792747","37.83719179596906"
"Lexington","KY","40511","US","Fayette","","-84.4780631940","38.1336728040"
"Louisville","KY","40213","US","Jefferson","","-85.7194232160","38.1757978140"
"Lexington","KY","40502","US","Fayette","","-84.42627474325475","37.96859156078541"
"Sacramento","CA","95835","US","Sacramento","","-121.5257900700","38.6707531590"
"Lexington","KY","40513","US","Fayette","","-84.63590864460669","37.94583620873149"
"Modesto","CA","95355","US","Stanislaus","","-120.9469752100","37.6728505340"
"Morehead","KY","40351","US","Rowan","","-83.4164012800","38.2054816390"
"Kentwood","MI","49508","US","Kent","","-85.6252675880","42.8735227980"
"Boston","MA","02122","US","Suffolk","","-71.0335481560","42.3000697250"
"Midway","KY","40347","US","Woodford","","-84.7155982610","38.1584303720"
"McKee","KY","40447","US","Jackson","","-84.0286257760","37.4570747610"
"Hamden","CT","06514","US","New Haven","","-72.9411409070","41.3734702170"
"Lexington","KY","40502","US","Fayette","","-84.4909859764021","37.935952196621855"
"Raleigh","NC","27604","US","Wake","","-78.5588233660","35.8186415470"
"Richmond","KY","40475","US","Madison","","-84.29329669032767","37.74754681150716"
"Mount Pleasant","SC","29464","US","Charleston","","-79.8563627600","32.8203761480"
"Lexington","KY","40504","US","Fayette","","-84.46927500449645","37.957446045488425"
"Pineville","LA","71360","US","Rapides","","-92.3528062710","31.3201748830"
"Paris","KY","40361","US","Bourbon","","-84.2272965090","38.2059800260"
"Temple City","CA","91780","US","Los Angeles","","-118.0554839300","34.1014487550"
"Huntington","NY","11743","US","Suffolk","","-73.4267878480","40.8812362040"
"Lexington","KY","40503","US","Fayette","","-84.48927551421158","38.044539357996456"
"Woodbury","MN","55125","US","Washington","","-92.9439376060","44.9198509330"
"Florence","KY","41042","US","Boone","","-84.6527198660","39.0011516770"
"Phoenix","AZ","85028","US","Maricopa","","-112.0090925000","33.5755640980"
"Redlands","CA","92373","US","San Bernardino","","-117.1506689500","34.0049527520"
"CHICAGO","IL","60626","US","Cook","","-87.6696196060","42.0090220200"
"LEXINGTON","KY","40502","US","Fayette","","-84.39094997372118","37.99424292682064"
"Lexington","KY","40504","US","Fayette","","-84.46130211470302","37.978116711849225"
"Richmond","KY","40475","US","Madison","","-84.36957148773126","37.857438016865615"
"Lexington","KY","40503","US","Fayette","","-84.58295006580536","37.92630484999455"
"Boulder","CO","80304","US","Boulder","","-105.2904784800","40.0454712700"
"Glen Allen","VA","23060","US","Henrico","","-77.5333689460","37.6598591070"
"Lexington","KY","40509","US","Fayette","","-84.29885854182517","38.0111262882844"
"Kevil","KY","42053","US","McCracken","","-88.8810512100","37.1129273730"
"Lexington","KY","40515","US","Fayette","","-84.39707478176246","37.9382905616801"
"Lexington","KY","40504","US","Fayette","","-84.51643627246999","37.944164444126876"
"Lexington","KY","40505","US","Fayette","","-84.54887209173762","38.158902425144525"
"Muscoda","WI","53573","US","Grant","","-90.4675112000","43.1854152030"
"Lexington","KY","40505","US","Fayette","","-84.41149770513815","38.037430755344175"
"Lexington","KY","40502","US","Fayette","","-84.40324664261189","38.09956611329145"
"West Kelowna","BC","V4T1B9","CA","","CA02","-124.75280414","54.760203158"
"Lexington","KY","40508","US","Fayette","","-84.52233545016358","38.030889812499346"
"Bowling Green","KY","42102","US","Warren","","-86.4182316720","37.0037042420"
"Frankfort","KY","40601","US","Franklin","","-84.91883665700512","38.239703101379135"
"Wilmore","KY","40390","US","Jessamine","","-84.6716660390","37.8534022770"
"Jeremie","","HT7120","HT","","HA14","-74.137175803","18.505510949"
"Beijing","10","100102","CN","New York","CH22","116.40617437","40.174455893"
"Carlisle","PA","17015","US","Cumberland","","-77.2311643470","40.1771890820"
